{
    "duration": [
        -1.4988010832439613e-15,
        0.0013881672622564067,
        0.036276978188384434,
        15.183012785898251,
        66.0289690676672
    ],
    "src_bytes": [
        0.00012454705501653562,
        0.025597942352122042,
        0.03848564024218594,
        0.0406866370275053,
        100.0
    ],
    "dst_bytes": [
        -1.0408340855860843e-17,
        0.0005063246776678479,
        0.013087774108783567,
        0.05323620527474245,
        100.0
    ],
    "count": [
        1.4410334838281784,
        24.184178440794632,
        48.11521847440303,
        90.20391173195227,
        99.94859317411357
    ],
    "serror_rate": [
        0.0006726080377852384,
        0.03565810173040518,
        3.744186046511624,
        45.0,
        99.98123167155387
    ],
    "srv_rerror_rate": [
        0.01351165035165014,
        0.15711947626837475,
        99.87499999999984,
        99.99999999999996,
        99.99999999999997
    ],
    "same_srv_rate": [
        4.363057324840696,
        12.616487455197003,
        48.45312500000001,
        99.94610151752998,
        99.99819852278877
    ],
    "dst_host_count": [
        6.54305308610617,
        32.066250339397236,
        63.17667322834645,
        99.29313786810383,
        99.99442730209185
    ],
    "dst_host_srv_count": [
        3.834039975772299,
        28.196173059012786,
        61.708223972003495,
        98.68911253642945,
        99.99358561352861
    ],
    "dst_host_same_src_port_rate": [
        0.036455929856735736,
        1.8500973393898335,
        24.45454545454544,
        50.986666666666665,
        99.93213223718712
    ],
    "dst_host_serror_rate": [
        0.009751176866416245,
        0.1065182829889153,
        2.51401869158879,
        33.33333333333333,
        99.97533763946024
    ],
    "dst_host_srv_serror_rate": [
        7.105427357601002e-15,
        0.0033607797011505625,
        0.07834833245108541,
        0.0909090909091006,
        100.00000000000034
    ]
}