{"duration": [1.0352829704629585e-14, 0.001388167262256379, 0.036276978188383074, 15.18301278589825, 66.0289690676672], "src_bytes": [0.000124547055016494, 0.02559794235212195, 0.0384856402421857, 0.0406866370275053, 100.0], "dst_bytes": [-1.0408340855860843e-17, 0.0005063246776691559, 0.013087774108783565, 0.05323620527474279, 100.0], "count": [1.4410334838288676, 24.184178440794604, 48.11521847440304, 90.20391173195227, 99.94859317411365], "serror_rate": [0.0006726080364671816, 0.035658101731094405, 3.744186046511617, 44.99999999999999, 99.98123167155283], "srv_rerror_rate": [0.013511650351036408, 0.15711947626860212, 99.87499999999983, 100.00000000000003, 100.0000000000002], "same_srv_rate": [4.363057324842202, 12.616487455197145, 48.45312499999996, 99.9461015175299, 99.99819852279009], "dst_host_count": [6.543053086106056, 32.066250339397214, 63.17667322834646, 99.29313786810383, 99.99442730209014], "dst_host_srv_count": [3.834039975772157, 28.196173059012793, 61.708223972003495, 98.68911253642938, 99.99358561353112], "dst_host_same_src_port_rate": [0.036455929856686, 1.8500973393897553, 24.454545454545446, 50.986666666666665, 99.93213223718708], "dst_host_serror_rate": [0.009751176866732436, 0.10651828298930965, 2.514018691588774, 33.33333333333333, 99.97533763945941], "dst_host_srv_serror_rate": [-2.4868995751603507e-14, 0.003360779698724059, 0.07834833245149042, 0.0909090909091006, 99.99999999999768]}